frame_id,wall_clock_utc,network_one_way_ms,round_trip_ms,frame_size_left_bytes,frame_size_right_bytes,total_payload_bytes,throughput_mbps,det_ms,num_detections,det0_class,det0_confidence,det0_x1,det0_y1,det0_x2,det0_y2,det0_cx,det0_cy,det0_X_m,det0_Y_m,det0_Z_m,gpu_util_pct,gpu_mem_used_mb,gpu_temp_c,cpu_util_pct,ram_used_mb,result_timeout,jpeg_quality
0,2026-06-04T11:34:36.542958,,,12879,12879,25758,2.0606,,,,,,,,,,,,,,5.0,1472.0,42.0,51.3,18629.0,1,75
1,2026-06-04T11:34:36.854107,,,12688,12688,25376,2.0301,,,,,,,,,,,,,,5.0,1472.0,42.0,61.6,18658.0,1,75
2,2026-06-04T11:34:37.175100,,,12774,12774,25548,2.0438,,,,,,,,,,,,,,5.0,1472.0,42.0,48.9,18651.0,1,75
3,2026-06-04T11:34:37.489575,,,12910,12910,25820,2.0656,,,,,,,,,,,,,,5.0,1472.0,42.0,48.4,18648.0,1,75
4,2026-06-04T11:34:37.803083,,,12820,12820,25640,2.0512,,,,,,,,,,,,,,5.0,1472.0,42.0,50.0,18644.0,1,75
5,2026-06-04T11:34:38.108467,,,12772,12772,25544,2.0435,,,,,,,,,,,,,,5.0,1472.0,42.0,47.5,18651.0,1,75
6,2026-06-04T11:34:38.419493,,,12889,12889,25778,2.0622,,,,,,,,,,,,,,5.0,1469.0,42.0,48.4,18650.0,1,75
7,2026-06-04T11:34:38.740117,,,12793,12793,25586,2.0469,,,,,,,,,,,,,,5.0,1469.0,42.0,47.4,18639.0,1,75
8,2026-06-04T11:34:39.057720,,,12763,12763,25526,2.0421,,,,,,,,,,,,,,5.0,1469.0,42.0,47.1,18644.0,1,75
9,2026-06-04T11:34:39.372563,,,12881,12881,25762,2.061,,,,,,,,,,,,,,5.0,1469.0,42.0,49.2,18643.0,1,75
10,2026-06-04T11:34:39.692522,,,13028,13028,26056,2.0845,,,,,,,,,,,,,,5.0,1469.0,42.0,49.3,18641.0,1,75
11,2026-06-04T11:34:40.003263,,,12673,12673,25346,2.0277,,,,,,,,,,,,,,5.0,1469.0,42.0,47.1,18647.0,1,75
12,2026-06-04T11:34:40.320535,,,13021,13021,26042,2.0834,,,,,,,,,,,,,,5.0,1469.0,42.0,46.9,18645.0,1,75
13,2026-06-04T11:34:40.644691,,,13031,13031,26062,2.085,,,,,,,,,,,,,,5.0,1469.0,42.0,50.6,18644.0,1,75
14,2026-06-04T11:34:40.956782,,,12765,12765,25530,2.0424,,,,,,,,,,,,,,5.0,1469.0,42.0,47.5,18647.0,1,75
15,2026-06-04T11:34:41.267428,,,13013,13013,26026,2.0821,,,,,,,,,,,,,,5.0,1469.0,42.0,47.5,18645.0,1,75
16,2026-06-04T11:34:41.574226,,,13028,13028,26056,2.0845,,,,,,,,,,,,,,5.0,1469.0,42.0,59.4,18643.0,1,75
17,2026-06-04T11:34:41.897389,,,12758,12758,25516,2.0413,,,,,,,,,,,,,,5.0,1469.0,42.0,55.7,18689.0,1,75
18,2026-06-04T11:34:42.206017,,,13019,13019,26038,2.083,,,,,,,,,,,,,,5.0,1469.0,42.0,47.5,18691.0,1,75
19,2026-06-04T11:34:42.522871,,,13008,13008,26016,2.0813,,,,,,,,,,,,,,5.0,1469.0,42.0,47.4,18689.0,1,75
20,2026-06-04T11:34:42.853805,,,13116,13116,26232,2.0986,,,,,,,,,,,,,,5.0,1469.0,42.0,48.3,18690.0,1,75
21,2026-06-04T11:34:43.173314,,,13020,13020,26040,2.0832,,,,,,,,,,,,,,5.0,1469.0,42.0,47.5,18690.0,1,75
22,2026-06-04T11:34:43.489413,,,13218,13218,26436,2.1149,,,,,,,,,,,,,,5.0,1469.0,42.0,48.0,18684.0,1,75
23,2026-06-04T11:34:43.800462,,,13099,13099,26198,2.0958,,,,,,,,,,,,,,0.0,1469.0,43.0,50.2,18682.0,1,75
24,2026-06-04T11:34:44.106189,,,13100,13100,26200,2.096,,,,,,,,,,,,,,0.0,1469.0,43.0,47.2,18684.0,1,75
25,2026-06-04T11:34:44.419745,,,13210,13210,26420,2.1136,,,,,,,,,,,,,,0.0,1469.0,43.0,48.3,18681.0,1,75
26,2026-06-04T11:34:44.739276,,,13140,13140,26280,2.1024,,,,,,,,,,,,,,0.0,1471.0,44.0,47.9,18685.0,1,75
27,2026-06-04T11:34:45.042419,,,13105,13105,26210,2.0968,,,,,,,,,,,,,,0.0,1471.0,44.0,48.2,18688.0,1,75
28,2026-06-04T11:34:45.358850,,,13227,13227,26454,2.1163,,,,,,,,,,,,,,0.0,1471.0,44.0,54.8,18653.0,1,75
29,2026-06-04T11:34:45.675274,,,13123,13123,26246,2.0997,,,,,,,,,,,,,,0.0,1471.0,44.0,49.5,18670.0,1,75
30,2026-06-04T11:34:45.992306,,,13213,13213,26426,2.1141,,,,,,,,,,,,,,0.0,1486.0,44.0,46.8,18661.0,1,75
31,2026-06-04T11:34:46.307195,,,12998,12998,25996,2.0797,,,,,,,,,,,,,,0.0,1486.0,44.0,47.4,18660.0,1,75
32,2026-06-04T11:34:46.624883,,,13138,13138,26276,2.1021,,,,,,,,,,,,,,0.0,1486.0,44.0,50.9,18653.0,1,75
33,2026-06-04T11:34:46.940723,,,13210,13210,26420,2.1136,,,,,,,,,,,,,,1.0,1483.0,43.0,47.6,18652.0,1,75
34,2026-06-04T11:34:47.256171,,,13087,13087,26174,2.0939,,,,,,,,,,,,,,1.0,1483.0,43.0,47.2,18651.0,1,75
35,2026-06-04T11:34:47.556697,,,13140,13140,26280,2.1024,,,,,,,,,,,,,,1.0,1483.0,43.0,48.9,18648.0,1,75
36,2026-06-04T11:34:47.872851,,,13228,13228,26456,2.1165,,,,,,,,,,,,,,4.0,1473.0,43.0,49.9,18652.0,1,75
37,2026-06-04T11:34:48.190063,,,13072,13072,26144,2.0915,,,,,,,,,,,,,,4.0,1473.0,43.0,48.0,18650.0,1,75
38,2026-06-04T11:34:48.506468,,,13172,13172,26344,2.1075,,,,,,,,,,,,,,4.0,1473.0,43.0,49.0,18648.0,1,75
39,2026-06-04T11:34:48.807163,,,13224,13224,26448,2.1158,,,,,,,,,,,,,,4.0,1473.0,43.0,52.7,18651.0,1,75
40,2026-06-04T11:34:49.124026,,,13116,13116,26232,2.0986,,,,,,,,,,,,,,5.0,1470.0,42.0,47.3,18653.0,1,75
41,2026-06-04T11:34:49.432016,,,12888,12888,25776,2.0621,,,,,,,,,,,,,,5.0,1470.0,42.0,53.5,18646.0,1,75
42,2026-06-04T11:34:49.746985,,,13158,13158,26316,2.1053,,,,,,,,,,,,,,5.0,1470.0,42.0,48.5,18645.0,1,75
43,2026-06-04T11:34:50.057126,,,13105,13105,26210,2.0968,,,,,,,,,,,,,,8.0,1472.0,42.0,49.5,18646.0,1,75
44,2026-06-04T11:34:50.374269,,,12994,12994,25988,2.079,,,,,,,,,,,,,,8.0,1472.0,42.0,47.2,18647.0,1,75
45,2026-06-04T11:34:50.689487,,,13157,13157,26314,2.1051,,,,,,,,,,,,,,8.0,1472.0,42.0,51.1,18650.0,1,75
46,2026-06-04T11:34:51.006704,,,13119,13119,26238,2.099,,,,,,,,,,,,,,4.0,1464.0,42.0,49.4,18641.0,1,75
47,2026-06-04T11:34:51.309354,,,13002,13002,26004,2.0803,,,,,,,,,,,,,,4.0,1464.0,42.0,49.9,18653.0,1,75
48,2026-06-04T11:34:51.623217,,,13173,13173,26346,2.1077,,,,,,,,,,,,,,4.0,1464.0,42.0,48.8,18654.0,1,75
49,2026-06-04T11:34:51.939856,,,13108,13108,26216,2.0973,,,,,,,,,,,,,,4.0,1464.0,42.0,47.9,18655.0,1,75
50,2026-06-04T11:34:52.257764,,,13188,13188,26376,2.1101,,,,,,,,,,,,,,5.0,1479.0,42.0,48.9,18647.0,1,75
51,2026-06-04T11:34:52.574126,,,13035,13035,26070,2.0856,,,,,,,,,,,,,,5.0,1479.0,42.0,49.2,18652.0,1,75
52,2026-06-04T11:34:52.889998,,,13180,13180,26360,2.1088,,,,,,,,,,,,,,5.0,1479.0,42.0,49.8,18658.0,1,75
53,2026-06-04T11:34:53.206632,,,13178,13178,26356,2.1085,,,,,,,,,,,,,,8.0,1507.0,42.0,50.5,18648.0,1,75
54,2026-06-04T11:34:53.511542,,,13119,13119,26238,2.099,,,,,,,,,,,,,,8.0,1507.0,42.0,47.7,18653.0,1,75
55,2026-06-04T11:34:53.823180,,,13162,13162,26324,2.1059,,,,,,,,,,,,,,8.0,1507.0,42.0,50.6,18655.0,1,75
56,2026-06-04T11:34:54.139780,,,13216,13216,26432,2.1146,,,,,,,,,,,,,,6.0,1508.0,42.0,52.2,18654.0,1,75
57,2026-06-04T11:34:54.456462,,,13132,13132,26264,2.1011,,,,,,,,,,,,,,6.0,1508.0,42.0,49.0,18657.0,1,75
58,2026-06-04T11:34:54.773632,,,13184,13184,26368,2.1094,,,,,,,,,,,,,,6.0,1508.0,42.0,50.1,18654.0,1,75
59,2026-06-04T11:34:55.089785,,,13216,13216,26432,2.1146,,,,,,,,,,,,,,6.0,1508.0,42.0,50.2,18652.0,1,75
60,2026-06-04T11:34:55.407772,,,13236,13236,26472,2.1178,,,,,,,,,,,,,,5.0,1504.0,42.0,54.7,18652.0,1,75
61,2026-06-04T11:34:55.723244,,,12952,12952,25904,2.0723,,,,,,,,,,,,,,5.0,1504.0,42.0,50.2,18649.0,1,75
62,2026-06-04T11:34:56.039877,,,13221,13221,26442,2.1154,,,,,,,,,,,,,,5.0,1504.0,42.0,48.2,18656.0,1,75
63,2026-06-04T11:34:56.356875,,,13225,13225,26450,2.116,,,,,,,,,,,,,,7.0,1505.0,42.0,48.6,18656.0,1,75
64,2026-06-04T11:34:56.674786,,,13042,13042,26084,2.0867,,,,,,,,,,,,,,7.0,1505.0,42.0,49.1,18653.0,1,75
65,2026-06-04T11:34:56.991478,,,13223,13223,26446,2.1157,,,,,,,,,,,,,,7.0,1505.0,42.0,48.2,18657.0,1,75
66,2026-06-04T11:34:57.307184,,,13245,13245,26490,2.1192,,,,,,,,,,,,,,7.0,1504.0,42.0,47.8,18658.0,1,75
67,2026-06-04T11:34:57.623229,,,13033,13033,26066,2.0853,,,,,,,,,,,,,,7.0,1504.0,42.0,49.3,18654.0,1,75
68,2026-06-04T11:34:57.939015,,,13270,13270,26540,2.1232,,,,,,,,,,,,,,7.0,1504.0,42.0,49.0,18659.0,1,75
69,2026-06-04T11:34:58.256498,,,13251,13251,26502,2.1202,,,,,,,,,,,,,,7.0,1504.0,42.0,47.9,18657.0,1,75
70,2026-06-04T11:34:58.559166,,,13037,13037,26074,2.0859,,,,,,,,,,,,,,4.0,1504.0,42.0,52.9,18657.0,1,75
71,2026-06-04T11:34:58.880601,,,12940,12940,25880,2.0704,,,,,,,,,,,,,,4.0,1504.0,42.0,51.6,18668.0,1,75
72,2026-06-04T11:34:59.184159,,,13146,13146,26292,2.1034,,,,,,,,,,,,,,4.0,1504.0,42.0,49.0,18661.0,1,75
73,2026-06-04T11:34:59.499971,,,13023,13023,26046,2.0837,,,,,,,,,,,,,,3.0,1516.0,42.0,47.8,18661.0,1,75
74,2026-06-04T11:34:59.820592,,,13035,13035,26070,2.0856,,,,,,,,,,,,,,3.0,1516.0,42.0,49.1,18658.0,1,75
75,2026-06-04T11:35:00.139493,,,13151,13151,26302,2.1042,,,,,,,,,,,,,,3.0,1516.0,42.0,48.0,18662.0,1,75
76,2026-06-04T11:35:00.450645,,,13038,13038,26076,2.0861,,,,,,,,,,,,,,3.0,1516.0,42.0,47.8,18674.0,1,75
77,2026-06-04T11:35:00.769966,,,13033,13033,26066,2.0853,,,,,,,,,,,,,,5.0,1479.0,42.0,48.2,18656.0,1,75
78,2026-06-04T11:35:01.074421,,,13168,13168,26336,2.1069,,,,,,,,,,,,,,5.0,1479.0,42.0,51.1,18657.0,1,75
79,2026-06-04T11:35:01.391856,,,13017,13017,26034,2.0827,,,,,,,,,,,,,,5.0,1479.0,42.0,49.8,18655.0,1,75
80,2026-06-04T11:35:01.706212,,,13277,13277,26554,2.1243,,,,,,,,,,,,,,8.0,1520.0,42.0,48.8,18655.0,1,75
81,2026-06-04T11:35:02.020475,,,13086,13086,26172,2.0938,,,,,,,,,,,,,,8.0,1520.0,42.0,46.9,18658.0,1,75
82,2026-06-04T11:35:02.334500,,,13138,13138,26276,2.1021,,,,,,,,,,,,,,8.0,1520.0,42.0,46.0,18656.0,1,75
83,2026-06-04T11:35:02.635960,,,13263,13263,26526,2.1221,,,,,,,,,,,,,,3.0,1513.0,42.0,51.3,18654.0,1,75
84,2026-06-04T11:35:02.960480,,,13153,13153,26306,2.1045,,,,,,,,,,,,,,3.0,1513.0,42.0,48.1,18655.0,1,75
85,2026-06-04T11:35:03.272868,,,13130,13130,26260,2.1008,,,,,,,,,,,,,,3.0,1513.0,42.0,49.6,18654.0,1,75
86,2026-06-04T11:35:03.573935,,,13278,13278,26556,2.1245,,,,,,,,,,,,,,3.0,1513.0,42.0,48.9,18651.0,1,75
87,2026-06-04T11:35:03.886714,,,13158,13158,26316,2.1053,,,,,,,,,,,,,,11.0,1513.0,42.0,50.0,18658.0,1,75
88,2026-06-04T11:35:04.204231,,,13155,13155,26310,2.1048,,,,,,,,,,,,,,11.0,1513.0,42.0,46.5,18656.0,1,75
89,2026-06-04T11:35:04.522863,,,13279,13279,26558,2.1246,,,,,,,,,,,,,,11.0,1513.0,42.0,47.1,18652.0,1,75
90,2026-06-04T11:35:04.824755,,,13250,13250,26500,2.12,,,,,,,,,,,,,,3.0,1498.0,42.0,51.0,18655.0,1,75
91,2026-06-04T11:35:05.143281,,,12932,12932,25864,2.0691,,,,,,,,,,,,,,3.0,1498.0,42.0,46.2,18655.0,1,75
92,2026-06-04T11:35:05.454568,,,13280,13280,26560,2.1248,,,,,,,,,,,,,,3.0,1498.0,42.0,47.2,18656.0,1,75
93,2026-06-04T11:35:05.771126,,,13265,13265,26530,2.1224,,,,,,,,,,,,,,3.0,1498.0,42.0,47.9,18673.0,1,75
94,2026-06-04T11:35:06.081750,,,13013,13013,26026,2.0821,,,,,,,,,,,,,,3.0,1487.0,42.0,47.0,18655.0,1,75
95,2026-06-04T11:35:06.388218,,,13254,13254,26508,2.1206,,,,,,,,,,,,,,3.0,1487.0,42.0,48.3,18654.0,1,75
96,2026-06-04T11:35:06.707760,,,13257,13257,26514,2.1211,,,,,,,,,,,,,,3.0,1487.0,42.0,47.4,18653.0,1,75
97,2026-06-04T11:35:07.022844,,,13004,13004,26008,2.0806,,,,,,,,,,,,,,3.0,1470.0,42.0,49.6,18653.0,1,75
98,2026-06-04T11:35:07.337319,,,13295,13295,26590,2.1272,,,,,,,,,,,,,,3.0,1470.0,42.0,46.0,18650.0,1,75
99,2026-06-04T11:35:07.653198,,,13273,13273,26546,2.1237,,,,,,,,,,,,,,3.0,1470.0,42.0,49.9,18650.0,1,75
100,2026-06-04T11:35:07.973340,,,13228,13228,26456,2.1165,,,,,,,,,,,,,,3.0,1470.0,42.0,46.7,18634.0,1,75
101,2026-06-04T11:35:08.290969,,,13191,13191,26382,2.1106,,,,,,,,,,,,,,3.0,1470.0,42.0,47.1,18644.0,1,75
102,2026-06-04T11:35:08.604485,,,13380,13380,26760,2.1408,,,,,,,,,,,,,,3.0,1470.0,42.0,48.7,18649.0,1,75
103,2026-06-04T11:35:08.924123,,,13258,13258,26516,2.1213,,,,,,,,,,,,,,3.0,1470.0,42.0,49.5,18648.0,1,75
104,2026-06-04T11:35:09.233688,,,13327,13327,26654,2.1323,,,,,,,,,,,,,,3.0,1460.0,42.0,47.5,18644.0,1,75
105,2026-06-04T11:35:09.548982,,,13362,13362,26724,2.1379,,,,,,,,,,,,,,3.0,1460.0,42.0,46.0,18644.0,1,75
106,2026-06-04T11:35:09.855760,,,13268,13268,26536,2.1229,,,,,,,,,,,,,,3.0,1460.0,42.0,49.6,18646.0,1,75
107,2026-06-04T11:35:10.174683,,,13279,13279,26558,2.1246,,,,,,,,,,,,,,3.0,1460.0,42.0,48.6,18644.0,1,75
108,2026-06-04T11:35:10.489095,,,13368,13368,26736,2.1389,,,,,,,,,,,,,,3.0,1460.0,42.0,50.0,18638.0,1,75
109,2026-06-04T11:35:10.801780,,,13268,13268,26536,2.1229,,,,,,,,,,,,,,3.0,1460.0,42.0,48.5,18640.0,1,75
110,2026-06-04T11:35:11.101982,,,13233,13233,26466,2.1173,,,,,,,,,,,,,,3.0,1460.0,42.0,50.0,18639.0,1,75
111,2026-06-04T11:35:11.416249,,,12982,12982,25964,2.0771,,,,,,,,,,,,,,3.0,1460.0,42.0,49.5,18644.0,1,75
112,2026-06-04T11:35:11.728266,,,13158,13158,26316,2.1053,,,,,,,,,,,,,,3.0,1460.0,42.0,48.2,18640.0,1,75
113,2026-06-04T11:35:12.041866,,,13230,13230,26460,2.1168,,,,,,,,,,,,,,3.0,1460.0,42.0,50.2,18644.0,1,75
114,2026-06-04T11:35:12.355385,,,13155,13155,26310,2.1048,,,,,,,,,,,,,,3.0,1460.0,42.0,49.1,18647.0,1,75
115,2026-06-04T11:35:12.668757,,,13168,13168,26336,2.1069,,,,,,,,,,,,,,3.0,1460.0,42.0,49.6,18646.0,1,75
116,2026-06-04T11:35:12.983837,,,13239,13239,26478,2.1182,,,,,,,,,,,,,,3.0,1460.0,42.0,48.8,18648.0,1,75
117,2026-06-04T11:35:13.297469,,,13074,13074,26148,2.0918,,,,,,,,,,,,,,3.0,1460.0,42.0,48.4,18645.0,1,75
118,2026-06-04T11:35:13.602133,,,13182,13182,26364,2.1091,,,,,,,,,,,,,,3.0,1460.0,42.0,49.9,18648.0,1,75
119,2026-06-04T11:35:13.921800,,,13253,13253,26506,2.1205,,,,,,,,,,,,,,3.0,1460.0,42.0,48.9,18647.0,1,75
120,2026-06-04T11:35:14.236600,,,13347,13347,26694,2.1355,,,,,,,,,,,,,,3.0,1460.0,42.0,48.0,18643.0,1,75
121,2026-06-04T11:35:14.554908,,,13138,13138,26276,2.1021,,,,,,,,,,,,,,3.0,1460.0,42.0,48.3,18643.0,1,75
122,2026-06-04T11:35:14.882912,,,13391,13391,26782,2.1426,,,,,,,,,,,,,,3.0,1460.0,42.0,48.2,18645.0,1,75
123,2026-06-04T11:35:15.186527,,,13336,13336,26672,2.1338,,,,,,,,,,,,,,3.0,1460.0,42.0,49.0,18643.0,1,75
124,2026-06-04T11:35:15.505783,,,13282,13282,26564,2.1251,,,,,,,,,,,,,,3.0,1460.0,42.0,48.8,18642.0,1,75
125,2026-06-04T11:35:15.821938,,,13400,13400,26800,2.144,,,,,,,,,,,,,,3.0,1460.0,42.0,50.2,18636.0,1,75
126,2026-06-04T11:35:16.139494,,,13343,13343,26686,2.1349,,,,,,,,,,,,,,3.0,1460.0,42.0,46.4,18649.0,1,75
127,2026-06-04T11:35:16.456692,,,13234,13234,26468,2.1174,,,,,,,,,,,,,,3.0,1460.0,42.0,48.5,18644.0,1,75
128,2026-06-04T11:35:16.763528,,,13405,13405,26810,2.1448,,,,,,,,,,,,,,3.0,1460.0,42.0,49.1,18643.0,1,75
129,2026-06-04T11:35:17.072176,,,13350,13350,26700,2.136,,,,,,,,,,,,,,3.0,1460.0,42.0,50.4,18647.0,1,75
130,2026-06-04T11:35:17.394315,,,13312,13312,26624,2.1299,,,,,,,,,,,,,,3.0,1460.0,42.0,48.0,18647.0,1,75
131,2026-06-04T11:35:17.704323,,,13198,13198,26396,2.1117,,,,,,,,,,,,,,3.0,1460.0,42.0,54.5,18644.0,1,75
132,2026-06-04T11:35:18.020046,,,13318,13318,26636,2.1309,,,,,,,,,,,,,,3.0,1460.0,42.0,49.9,18644.0,1,75
133,2026-06-04T11:35:18.329541,,,13326,13326,26652,2.1322,,,,,,,,,,,,,,3.0,1460.0,42.0,50.2,18638.0,1,75
134,2026-06-04T11:35:18.635433,,,13332,13332,26664,2.1331,,,,,,,,,,,,,,3.0,1460.0,42.0,57.3,18635.0,1,75
135,2026-06-04T11:35:18.950935,,,13310,13310,26620,2.1296,,,,,,,,,,,,,,3.0,1460.0,42.0,50.2,18647.0,1,75
136,2026-06-04T11:35:19.268371,,,13333,13333,26666,2.1333,,,,,,,,,,,,,,3.0,1460.0,42.0,50.5,18640.0,1,75
137,2026-06-04T11:35:19.584887,,,13278,13278,26556,2.1245,,,,,,,,,,,,,,3.0,1460.0,42.0,50.1,18654.0,1,75
138,2026-06-04T11:35:19.896846,,,13311,13311,26622,2.1298,,,,,,,,,,,,,,3.0,1460.0,42.0,51.0,18653.0,1,75
139,2026-06-04T11:35:20.203681,,,13338,13338,26676,2.1341,,,,,,,,,,,,,,3.0,1460.0,42.0,48.0,18651.0,1,75
140,2026-06-04T11:35:20.520127,,,13326,13326,26652,2.1322,,,,,,,,,,,,,,3.0,1460.0,42.0,47.1,18642.0,1,75
141,2026-06-04T11:35:20.835938,,,13022,13022,26044,2.0835,,,,,,,,,,,,,,3.0,1460.0,42.0,51.0,18642.0,1,75
142,2026-06-04T11:35:21.139406,,,13305,13305,26610,2.1288,,,,,,,,,,,,,,3.0,1460.0,42.0,47.2,18651.0,1,75
143,2026-06-04T11:35:21.457368,,,13305,13305,26610,2.1288,,,,,,,,,,,,,,3.0,1460.0,42.0,48.2,18647.0,1,75
144,2026-06-04T11:35:21.773135,,,13159,13159,26318,2.1054,,,,,,,,,,,,,,3.0,1460.0,42.0,50.6,18649.0,1,75
145,2026-06-04T11:35:22.089517,,,13305,13305,26610,2.1288,,,,,,,,,,,,,,3.0,1460.0,42.0,48.6,18652.0,1,75
146,2026-06-04T11:35:22.404231,,,13338,13338,26676,2.1341,,,,,,,,,,,,,,3.0,1460.0,42.0,51.7,18652.0,1,75
147,2026-06-04T11:35:22.724365,,,13120,13120,26240,2.0992,,,,,,,,,,,,,,3.0,1460.0,42.0,49.5,18649.0,1,75
148,2026-06-04T11:35:23.032755,,,13333,13333,26666,2.1333,,,,,,,,,,,,,,3.0,1460.0,42.0,50.1,18648.0,1,75
149,2026-06-04T11:35:23.339469,,,13323,13323,26646,2.1317,,,,,,,,,,,,,,3.0,1460.0,42.0,48.5,18650.0,1,75
150,2026-06-04T11:35:23.653847,,,13288,13288,26576,2.1261,,,,,,,,,,,,,,3.0,1460.0,42.0,52.6,18643.0,1,75
151,2026-06-04T11:35:23.974036,,,13182,13182,26364,2.1091,,,,,,,,,,,,,,3.0,1460.0,42.0,48.5,18651.0,1,75
152,2026-06-04T11:35:24.289356,,,13432,13432,26864,2.1491,,,,,,,,,,,,,,3.0,1460.0,42.0,49.6,18650.0,1,75
153,2026-06-04T11:35:24.619764,,,13305,13305,26610,2.1288,,,,,,,,,,,,,,3.0,1460.0,42.0,48.5,18648.0,1,75
154,2026-06-04T11:35:24.937936,,,13339,13339,26678,2.1342,,,,,,,,,,,,,,3.0,1460.0,42.0,49.5,18641.0,1,75
155,2026-06-04T11:35:25.256085,,,13425,13425,26850,2.148,,,,,,,,,,,,,,3.0,1460.0,42.0,49.4,18650.0,1,75
156,2026-06-04T11:35:25.572270,,,13290,13290,26580,2.1264,,,,,,,,,,,,,,3.0,1460.0,42.0,46.5,18653.0,1,75
157,2026-06-04T11:35:25.886395,,,13308,13308,26616,2.1293,,,,,,,,,,,,,,3.0,1460.0,42.0,50.4,18654.0,1,75
158,2026-06-04T11:35:26.204115,,,13440,13440,26880,2.1504,,,,,,,,,,,,,,3.0,1460.0,42.0,47.2,18642.0,1,75
159,2026-06-04T11:35:26.515410,,,13297,13297,26594,2.1275,,,,,,,,,,,,,,3.0,1460.0,42.0,47.0,18645.0,1,75
160,2026-06-04T11:35:26.836866,,,13408,13408,26816,2.1453,,,,,,,,,,,,,,3.0,1460.0,42.0,51.6,18645.0,1,75
161,2026-06-04T11:35:27.156715,,,13228,13228,26456,2.1165,,,,,,,,,,,,,,3.0,1460.0,42.0,47.3,18652.0,1,75
162,2026-06-04T11:35:27.465670,,,13288,13288,26576,2.1261,,,,,,,,,,,,,,3.0,1460.0,42.0,51.0,18646.0,1,75
163,2026-06-04T11:35:27.787735,,,13398,13398,26796,2.1437,,,,,,,,,,,,,,3.0,1460.0,42.0,48.5,18645.0,1,75
164,2026-06-04T11:35:28.089340,,,13360,13360,26720,2.1376,,,,,,,,,,,,,,3.0,1487.0,42.0,55.6,18656.0,1,75
165,2026-06-04T11:35:28.405261,,,13286,13286,26572,2.1258,,,,,,,,,,,,,,3.0,1487.0,42.0,51.1,18661.0,1,75
166,2026-06-04T11:35:28.715410,,,13418,13418,26836,2.1469,,,,,,,,,,,,,,3.0,1487.0,42.0,49.4,18660.0,1,75
167,2026-06-04T11:35:29.039649,,,13328,13328,26656,2.1325,,,,,,,,,,,,,,3.0,1487.0,42.0,51.4,18664.0,1,75
168,2026-06-04T11:35:29.356594,,,13304,13304,26608,2.1286,,,,,,,,,,,,,,15.0,1361.0,42.0,53.2,18666.0,1,75
169,2026-06-04T11:35:29.671861,,,13417,13417,26834,2.1467,,,,,,,,,,,,,,15.0,1361.0,42.0,52.7,18661.0,1,75
170,2026-06-04T11:35:29.989876,,,13334,13334,26668,2.1334,,,,,,,,,,,,,,15.0,1361.0,42.0,53.0,18673.0,1,75
171,2026-06-04T11:35:30.306137,,,12974,12974,25948,2.0758,,,,,,,,,,,,,,33.0,1365.0,42.0,48.5,18671.0,1,75
172,2026-06-04T11:35:30.623825,,,13349,13349,26698,2.1358,,,,,,,,,,,,,,33.0,1365.0,42.0,51.4,18668.0,1,75
173,2026-06-04T11:35:30.939585,,,13333,13333,26666,2.1333,,,,,,,,,,,,,,33.0,1365.0,42.0,49.1,18672.0,1,75
174,2026-06-04T11:35:31.256446,,,13151,13151,26302,2.1042,,,,,,,,,,,,,,38.0,1353.0,43.0,51.5,18664.0,1,75
175,2026-06-04T11:35:31.573669,,,13338,13338,26676,2.1341,,,,,,,,,,,,,,38.0,1353.0,43.0,48.9,18667.0,1,75
176,2026-06-04T11:35:31.887768,,,13342,13342,26684,2.1347,,,,,,,,,,,,,,38.0,1353.0,43.0,53.6,18670.0,1,75
177,2026-06-04T11:35:32.207755,,,13056,13056,26112,2.089,,,,,,,,,,,,,,38.0,1353.0,43.0,48.4,18669.0,1,75
178,2026-06-04T11:35:32.523794,,,13368,13368,26736,2.1389,,,,,,,,,,,,,,5.0,1330.0,44.0,47.5,18668.0,1,75
179,2026-06-04T11:35:32.840484,,,13338,13338,26676,2.1341,,,,,,,,,,,,,,5.0,1330.0,44.0,52.6,18669.0,1,75
180,2026-06-04T11:35:33.153017,,,13314,13314,26628,2.1302,,,,,,,,,,,,,,5.0,1330.0,44.0,50.4,18674.0,1,75
181,2026-06-04T11:35:33.473776,,,13259,13259,26518,2.1214,,,,,,,,,,,,,,4.0,1355.0,44.0,50.7,18677.0,1,75
182,2026-06-04T11:35:33.777965,,,13461,13461,26922,2.1538,,,,,,,,,,,,,,4.0,1355.0,44.0,49.1,18673.0,1,75
183,2026-06-04T11:35:34.100360,,,13329,13329,26658,2.1326,,,,,,,,,,,,,,4.0,1355.0,44.0,51.0,18673.0,1,75
184,2026-06-04T11:35:34.425178,,,13395,13395,26790,2.1432,,,,,,,,,,,,,,1.0,1342.0,44.0,49.1,18674.0,1,75
185,2026-06-04T11:35:34.733686,,,13448,13448,26896,2.1517,,,,,,,,,,,,,,1.0,1342.0,44.0,48.8,18672.0,1,75
186,2026-06-04T11:35:35.040750,,,13342,13342,26684,2.1347,,,,,,,,,,,,,,1.0,1342.0,44.0,49.3,18677.0,1,75
187,2026-06-04T11:35:35.358272,,,13350,13350,26700,2.136,,,,,,,,,,,,,,1.0,1342.0,44.0,50.2,18676.0,1,75
188,2026-06-04T11:35:35.673803,,,13453,13453,26906,2.1525,,,,,,,,,,,,,,12.0,1358.0,43.0,49.1,18670.0,1,75
189,2026-06-04T11:35:35.988727,,,13340,13340,26680,2.1344,,,,,,,,,,,,,,12.0,1358.0,43.0,50.9,18673.0,1,75
190,2026-06-04T11:35:36.298384,,,13439,13439,26878,2.1502,,,,,,,,,,,,,,12.0,1358.0,43.0,50.7,18669.0,1,75
191,2026-06-04T11:35:36.608135,,,13217,13217,26434,2.1147,,,,,,,,,,,,,,15.0,1416.0,43.0,51.2,18676.0,1,75
192,2026-06-04T11:35:36.920192,,,13365,13365,26730,2.1384,,,,,,,,,,,,,,15.0,1416.0,43.0,49.9,18671.0,1,75
193,2026-06-04T11:35:37.241030,,,13430,13430,26860,2.1488,,,,,,,,,,,,,,15.0,1416.0,43.0,51.4,18671.0,1,75
194,2026-06-04T11:35:37.558280,,,13344,13344,26688,2.135,,,,,,,,,,,,,,15.0,1416.0,43.0,50.7,18691.0,1,75
195,2026-06-04T11:35:37.871744,,,13363,13363,26726,2.1381,,,,,,,,,,,,,,9.0,1380.0,43.0,51.5,18676.0,1,75
196,2026-06-04T11:35:38.190608,,,13455,13455,26910,2.1528,,,,,,,,,,,,,,9.0,1380.0,43.0,58.7,18725.0,1,75
197,2026-06-04T11:35:38.506024,,,13313,13313,26626,2.1301,,,,,,,,,,,,,,9.0,1380.0,43.0,54.0,18735.0,1,75
198,2026-06-04T11:35:38.808482,,,13393,13393,26786,2.1429,,,,,,,,,,,,,,11.0,1363.0,43.0,52.4,18740.0,1,75
199,2026-06-04T11:35:39.123791,,,13448,13448,26896,2.1517,,,,,,,,,,,,,,11.0,1363.0,43.0,49.4,18749.0,1,75
200,2026-06-04T11:35:39.441136,,,13584,13584,27168,2.1734,,,,,,,,,,,,,,11.0,1363.0,43.0,51.9,18690.0,1,75
201,2026-06-04T11:35:39.755461,,,13375,13375,26750,2.14,,,,,,,,,,,,,,9.0,1369.0,43.0,68.1,18742.0,1,75
202,2026-06-04T11:35:40.070226,,,13651,13651,27302,2.1842,,,,,,,,,,,,,,9.0,1369.0,43.0,68.5,18801.0,1,75
203,2026-06-04T11:35:40.391741,,,13586,13586,27172,2.1738,,,,,,,,,,,,,,9.0,1369.0,43.0,56.5,18817.0,1,75
204,2026-06-04T11:35:40.706840,,,13516,13516,27032,2.1626,,,,,,,,,,,,,,9.0,1369.0,43.0,55.3,18845.0,1,75
205,2026-06-04T11:35:41.016545,,,13631,13631,27262,2.181,,,,,,,,,,,,,,6.0,1368.0,43.0,56.3,18858.0,1,75
206,2026-06-04T11:35:41.328360,,,13589,13589,27178,2.1742,,,,,,,,,,,,,,6.0,1368.0,43.0,59.3,18927.0,1,75
207,2026-06-04T11:35:41.641824,,,13482,13482,26964,2.1571,,,,,,,,,,,,,,6.0,1368.0,43.0,52.9,18941.0,1,75
208,2026-06-04T11:35:41.958371,,,13662,13662,27324,2.1859,,,,,,,,,,,,,,23.0,1381.0,43.0,62.0,19016.0,1,75
209,2026-06-04T11:35:42.265861,,,13577,13577,27154,2.1723,,,,,,,,,,,,,,23.0,1381.0,43.0,69.2,19070.0,1,75
210,2026-06-04T11:35:42.587080,,,13458,13458,26916,2.1533,,,,,,,,,,,,,,23.0,1381.0,43.0,59.7,19073.0,1,75
211,2026-06-04T11:35:42.906091,,,13262,13262,26524,2.1219,,,,,,,,,,,,,,16.0,1407.0,43.0,58.5,19092.0,1,75
212,2026-06-04T11:35:43.224890,,,13457,13457,26914,2.1531,,,,,,,,,,,,,,16.0,1407.0,43.0,57.0,19110.0,1,75
213,2026-06-04T11:35:43.529006,,,13444,13444,26888,2.151,,,,,,,,,,,,,,16.0,1407.0,43.0,62.1,19126.0,1,75
214,2026-06-04T11:35:43.840237,,,13445,13445,26890,2.1512,,,,,,,,,,,,,,16.0,1407.0,43.0,55.7,19044.0,1,75
215,2026-06-04T11:35:44.155756,,,13466,13466,26932,2.1546,,,,,,,,,,,,,,7.0,1374.0,43.0,50.2,19045.0,1,75
216,2026-06-04T11:35:44.469417,,,13483,13483,26966,2.1573,,,,,,,,,,,,,,7.0,1374.0,43.0,48.8,19049.0,1,75
217,2026-06-04T11:35:44.790908,,,13376,13376,26752,2.1402,,,,,,,,,,,,,,7.0,1374.0,43.0,61.5,19100.0,1,75
218,2026-06-04T11:35:45.108153,,,13470,13470,26940,2.1552,,,,,,,,,,,,,,6.0,1340.0,43.0,56.9,19119.0,1,75
219,2026-06-04T11:35:45.420046,,,13468,13468,26936,2.1549,,,,,,,,,,,,,,6.0,1340.0,43.0,50.1,19117.0,1,75
220,2026-06-04T11:35:45.736493,,,13646,13646,27292,2.1834,,,,,,,,,,,,,,6.0,1340.0,43.0,51.5,19113.0,1,75
221,2026-06-04T11:35:46.054938,,,13390,13390,26780,2.1424,,,,,,,,,,,,,,6.0,1340.0,43.0,52.6,19121.0,1,75
222,2026-06-04T11:35:46.374038,,,13618,13618,27236,2.1789,,,,,,,,,,,,,,5.0,1337.0,43.0,51.9,19122.0,1,75
223,2026-06-04T11:35:46.691991,,,13630,13630,27260,2.1808,,,,,,,,,,,,,,5.0,1337.0,43.0,50.0,19120.0,1,75
224,2026-06-04T11:35:47.007250,,,13503,13503,27006,2.1605,,,,,,,,,,,,,,5.0,1337.0,43.0,51.9,19126.0,1,75
225,2026-06-04T11:35:47.324041,,,13613,13613,27226,2.1781,,,,,,,,,,,,,,7.0,1338.0,43.0,49.9,19122.0,1,75
226,2026-06-04T11:35:47.640969,,,13663,13663,27326,2.1861,,,,,,,,,,,,,,7.0,1338.0,43.0,50.1,19124.0,1,75
227,2026-06-04T11:35:47.956255,,,13459,13459,26918,2.1534,,,,,,,,,,,,,,7.0,1338.0,43.0,51.7,19119.0,1,75
228,2026-06-04T11:35:48.272516,,,13638,13638,27276,2.1821,,,,,,,,,,,,,,10.0,1340.0,43.0,52.1,19093.0,1,75
229,2026-06-04T11:35:48.591950,,,13638,13638,27276,2.1821,,,,,,,,,,,,,,10.0,1340.0,43.0,51.3,19084.0,1,75
230,2026-06-04T11:35:48.903677,,,13523,13523,27046,2.1637,,,,,,,,,,,,,,10.0,1340.0,43.0,55.0,19095.0,1,75
231,2026-06-04T11:35:49.222376,,,13440,13440,26880,2.1504,,,,,,,,,,,,,,10.0,1340.0,43.0,49.9,19084.0,1,75
232,2026-06-04T11:35:49.533266,,,13646,13646,27292,2.1834,,,,,,,,,,,,,,9.0,1338.0,43.0,47.8,19086.0,1,75
233,2026-06-04T11:35:49.840449,,,13513,13513,27026,2.1621,,,,,,,,,,,,,,9.0,1338.0,43.0,50.6,19072.0,1,75
234,2026-06-04T11:35:50.155077,,,13568,13568,27136,2.1709,,,,,,,,,,,,,,9.0,1338.0,43.0,49.6,19079.0,1,75
235,2026-06-04T11:35:50.472757,,,13618,13618,27236,2.1789,,,,,,,,,,,,,,6.0,1338.0,43.0,49.3,19054.0,1,75
236,2026-06-04T11:35:50.789762,,,13518,13518,27036,2.1629,,,,,,,,,,,,,,6.0,1338.0,43.0,48.9,19054.0,1,75
237,2026-06-04T11:35:51.107145,,,13523,13523,27046,2.1637,,,,,,,,,,,,,,6.0,1338.0,43.0,49.8,19052.0,1,75
238,2026-06-04T11:35:51.423440,,,13650,13650,27300,2.184,,,,,,,,,,,,,,6.0,1336.0,43.0,53.9,19049.0,1,75
239,2026-06-04T11:35:51.739281,,,13508,13508,27016,2.1613,,,,,,,,,,,,,,6.0,1336.0,43.0,48.8,19048.0,1,75
240,2026-06-04T11:35:52.054295,,,13575,13575,27150,2.172,,,,,,,,,,,,,,6.0,1336.0,43.0,49.1,19055.0,1,75
241,2026-06-04T11:35:52.361588,,,13358,13358,26716,2.1373,,,,,,,,,,,,,,6.0,1336.0,43.0,47.6,19054.0,1,75
242,2026-06-04T11:35:52.672798,,,13460,13460,26920,2.1536,,,,,,,,,,,,,,4.0,1329.0,43.0,49.0,19056.0,1,75
243,2026-06-04T11:35:52.991792,,,13542,13542,27084,2.1667,,,,,,,,,,,,,,4.0,1329.0,43.0,46.9,19057.0,1,75
244,2026-06-04T11:35:53.307888,,,13503,13503,27006,2.1605,,,,,,,,,,,,,,4.0,1329.0,43.0,57.8,19085.0,1,75
245,2026-06-04T11:35:53.619957,,,13445,13445,26890,2.1512,,,,,,,,,,,,,,19.0,1341.0,42.0,58.4,19098.0,1,75
246,2026-06-04T11:35:53.939535,,,13582,13582,27164,2.1731,,,,,,,,,,,,,,19.0,1341.0,42.0,54.6,19160.0,1,75
247,2026-06-04T11:35:54.256128,,,13455,13455,26910,2.1528,,,,,,,,,,,,,,19.0,1341.0,42.0,49.8,19160.0,1,75
248,2026-06-04T11:35:54.574177,,,13473,13473,26946,2.1557,,,,,,,,,,,,,,19.0,1341.0,42.0,48.6,19171.0,1,75
249,2026-06-04T11:35:54.887632,,,13570,13570,27140,2.1712,,,,,,,,,,,,,,3.0,1353.0,42.0,49.4,19159.0,1,75
250,2026-06-04T11:35:55.206394,,,13654,13654,27308,2.1846,,,,,,,,,,,,,,3.0,1353.0,42.0,47.6,19155.0,1,75
251,2026-06-04T11:35:55.515955,,,13332,13332,26664,2.1331,,,,,,,,,,,,,,3.0,1353.0,42.0,48.2,19154.0,1,75
252,2026-06-04T11:35:55.828351,,,13674,13674,27348,2.1878,,,,,,,,,,,,,,4.0,1352.0,42.0,51.0,19149.0,1,75
253,2026-06-04T11:35:56.145968,,,13640,13640,27280,2.1824,,,,,,,,,,,,,,4.0,1352.0,42.0,49.6,19150.0,1,75
254,2026-06-04T11:35:56.449838,,,13443,13443,26886,2.1509,,,,,,,,,,,,,,4.0,1352.0,42.0,48.5,19147.0,1,75
255,2026-06-04T11:35:56.768453,,,13651,13651,27302,2.1842,,,,,,,,,,,,,,3.0,1352.0,43.0,46.8,19145.0,1,75
256,2026-06-04T11:35:57.087313,,,13589,13589,27178,2.1742,,,,,,,,,,,,,,3.0,1352.0,43.0,54.6,19072.0,1,75
257,2026-06-04T11:35:57.402532,,,13505,13505,27010,2.1608,,,,,,,,,,,,,,3.0,1352.0,43.0,55.3,19066.0,1,75
258,2026-06-04T11:35:57.719098,,,13484,13484,26968,2.1574,,,,,,,,,,,,,,3.0,1352.0,43.0,47.8,19064.0,1,75
259,2026-06-04T11:35:58.031860,,,13593,13593,27186,2.1749,,,,,,,,,,,,,,3.0,1342.0,42.0,49.0,19067.0,1,75
260,2026-06-04T11:35:58.340092,,,13574,13574,27148,2.1718,,,,,,,,,,,,,,3.0,1342.0,42.0,49.6,19036.0,1,75
261,2026-06-04T11:35:58.657633,,,13271,13271,26542,2.1234,,,,,,,,,,,,,,3.0,1342.0,42.0,50.2,19037.0,1,75
262,2026-06-04T11:35:58.973419,,,13585,13585,27170,2.1736,,,,,,,,,,,,,,12.0,1330.0,42.0,50.5,19041.0,1,75
263,2026-06-04T11:35:59.287788,,,13591,13591,27182,2.1746,,,,,,,,,,,,,,12.0,1330.0,42.0,50.0,19041.0,1,75
264,2026-06-04T11:35:59.605636,,,13378,13378,26756,2.1405,,,,,,,,,,,,,,12.0,1330.0,42.0,49.3,19033.0,1,75
265,2026-06-04T11:35:59.924427,,,13586,13586,27172,2.1738,,,,,,,,,,,,,,5.0,1330.0,42.0,51.1,19029.0,1,75
266,2026-06-04T11:36:00.237021,,,13572,13572,27144,2.1715,,,,,,,,,,,,,,5.0,1330.0,42.0,47.5,19038.0,1,75
267,2026-06-04T11:36:00.553292,,,13328,13328,26656,2.1325,,,,,,,,,,,,,,5.0,1330.0,42.0,46.9,19042.0,1,75
268,2026-06-04T11:36:00.857111,,,13588,13588,27176,2.1741,,,,,,,,,,,,,,5.0,1330.0,42.0,55.9,19047.0,1,75
269,2026-06-04T11:36:01.173514,,,13574,13574,27148,2.1718,,,,,,,,,,,,,,3.0,1355.0,42.0,49.5,19039.0,1,75
270,2026-06-04T11:36:01.489443,,,13316,13316,26632,2.1306,,,,,,,,,,,,,,3.0,1355.0,42.0,49.0,19024.0,1,75
271,2026-06-04T11:36:01.793048,,,13230,13230,26460,2.1168,,,,,,,,,,,,,,3.0,1355.0,42.0,51.8,18978.0,1,75
272,2026-06-04T11:36:02.106440,,,13461,13461,26922,2.1538,,,,,,,,,,,,,,33.0,1339.0,42.0,53.7,18967.0,1,75
273,2026-06-04T11:36:02.422533,,,13313,13313,26626,2.1301,,,,,,,,,,,,,,33.0,1339.0,42.0,51.4,18980.0,1,75
274,2026-06-04T11:36:02.737114,,,13380,13380,26760,2.1408,,,,,,,,,,,,,,33.0,1339.0,42.0,55.5,18976.0,1,75
275,2026-06-04T11:36:03.042843,,,13478,13478,26956,2.1565,,,,,,,,,,,,,,33.0,1339.0,42.0,49.4,18980.0,1,75
276,2026-06-04T11:36:03.354685,,,13347,13347,26694,2.1355,,,,,,,,,,,,,,17.0,1363.0,44.0,47.9,18973.0,1,75
277,2026-06-04T11:36:03.674086,,,13300,13300,26600,2.128,,,,,,,,,,,,,,17.0,1363.0,44.0,48.0,18975.0,1,75
278,2026-06-04T11:36:03.985225,,,13459,13459,26918,2.1534,,,,,,,,,,,,,,17.0,1363.0,44.0,48.0,18981.0,1,75
279,2026-06-04T11:36:04.291103,,,13334,13334,26668,2.1334,,,,,,,,,,,,,,0.0,1363.0,44.0,47.9,18964.0,1,75
280,2026-06-04T11:36:04.608203,,,13533,13533,27066,2.1653,,,,,,,,,,,,,,0.0,1363.0,44.0,50.6,18974.0,1,75
281,2026-06-04T11:36:04.923848,,,13353,13353,26706,2.1365,,,,,,,,,,,,,,0.0,1363.0,44.0,48.4,18973.0,1,75
282,2026-06-04T11:36:05.240466,,,13465,13465,26930,2.1544,,,,,,,,,,,,,,1.0,1387.0,44.0,49.5,18963.0,1,75
283,2026-06-04T11:36:05.542963,,,13560,13560,27120,2.1696,,,,,,,,,,,,,,1.0,1387.0,44.0,47.7,18966.0,1,75
284,2026-06-04T11:36:05.856966,,,13480,13480,26960,2.1568,,,,,,,,,,,,,,1.0,1387.0,44.0,47.7,18972.0,1,75
285,2026-06-04T11:36:06.173378,,,13455,13455,26910,2.1528,,,,,,,,,,,,,,1.0,1387.0,44.0,47.8,18970.0,1,75
286,2026-06-04T11:36:06.489425,,,13547,13547,27094,2.1675,,,,,,,,,,,,,,0.0,1376.0,45.0,47.9,18955.0,1,75
287,2026-06-04T11:36:06.792899,,,13426,13426,26852,2.1482,,,,,,,,,,,,,,0.0,1376.0,45.0,47.4,18957.0,1,75
288,2026-06-04T11:36:07.108428,,,13478,13478,26956,2.1565,,,,,,,,,,,,,,0.0,1376.0,45.0,50.4,18960.0,1,75
289,2026-06-04T11:36:07.422736,,,13548,13548,27096,2.1677,,,,,,,,,,,,,,0.0,1356.0,43.0,47.4,18952.0,1,75
290,2026-06-04T11:36:07.739420,,,13503,13503,27006,2.1605,,,,,,,,,,,,,,0.0,1356.0,43.0,46.9,18955.0,1,75
291,2026-06-04T11:36:08.057895,,,13265,13265,26530,2.1224,,,,,,,,,,,,,,0.0,1356.0,43.0,50.1,18959.0,1,75
292,2026-06-04T11:36:08.373375,,,13548,13548,27096,2.1677,,,,,,,,,,,,,,0.0,1356.0,43.0,48.7,18953.0,1,75
293,2026-06-04T11:36:08.690143,,,13521,13521,27042,2.1634,,,,,,,,,,,,,,3.0,1356.0,43.0,47.5,18939.0,1,75
294,2026-06-04T11:36:09.006572,,,13399,13399,26798,2.1438,,,,,,,,,,,,,,3.0,1356.0,43.0,48.1,18945.0,1,75
295,2026-06-04T11:36:09.323993,,,13561,13561,27122,2.1698,,,,,,,,,,,,,,3.0,1356.0,43.0,49.4,18945.0,1,75
296,2026-06-04T11:36:09.639406,,,13507,13507,27014,2.1611,,,,,,,,,,,,,,3.0,1356.0,43.0,47.3,18940.0,1,75
297,2026-06-04T11:36:09.956518,,,13381,13381,26762,2.141,,,,,,,,,,,,,,3.0,1356.0,43.0,47.6,18947.0,1,75
298,2026-06-04T11:36:10.258895,,,13565,13565,27130,2.1704,,,,,,,,,,,,,,3.0,1356.0,43.0,48.9,18946.0,1,75
299,2026-06-04T11:36:10.574036,,,13512,13512,27024,2.1619,,,,,,,,,,,,,,3.0,1337.0,43.0,48.4,18939.0,1,75
300,2026-06-04T11:36:10.889432,,,13464,13464,26928,2.1542,,,,,,,,,,,,,,3.0,1337.0,43.0,48.2,18945.0,1,75
301,2026-06-04T11:36:11.206499,,,13354,13354,26708,2.1366,,,,,,,,,,,,,,3.0,1337.0,43.0,49.9,18939.0,1,75
302,2026-06-04T11:36:11.523461,,,13489,13489,26978,2.1582,,,,,,,,,,,,,,3.0,1337.0,43.0,47.0,18896.0,1,75
303,2026-06-04T11:36:11.839746,,,13490,13490,26980,2.1584,,,,,,,,,,,,,,3.0,1337.0,43.0,50.6,18877.0,1,75
304,2026-06-04T11:36:12.156522,,,13478,13478,26956,2.1565,,,,,,,,,,,,,,3.0,1337.0,43.0,49.6,18875.0,1,75
305,2026-06-04T11:36:12.472724,,,13490,13490,26980,2.1584,,,,,,,,,,,,,,3.0,1337.0,43.0,46.6,18871.0,1,75
306,2026-06-04T11:36:12.789945,,,13484,13484,26968,2.1574,,,,,,,,,,,,,,3.0,1337.0,43.0,49.0,18869.0,1,75
307,2026-06-04T11:36:13.106095,,,13431,13431,26862,2.149,,,,,,,,,,,,,,3.0,1337.0,43.0,50.2,18871.0,1,75
308,2026-06-04T11:36:13.422723,,,13488,13488,26976,2.1581,,,,,,,,,,,,,,3.0,1337.0,43.0,46.8,18870.0,1,75
309,2026-06-04T11:36:13.739421,,,13489,13489,26978,2.1582,,,,,,,,,,,,,,3.0,1337.0,43.0,47.4,18865.0,1,75
310,2026-06-04T11:36:14.039641,,,13390,13390,26780,2.1424,,,,,,,,,,,,,,3.0,1337.0,43.0,52.8,18871.0,1,75
311,2026-06-04T11:36:14.356589,,,13087,13087,26174,2.0939,,,,,,,,,,,,,,3.0,1337.0,43.0,47.4,18869.0,1,75
312,2026-06-04T11:36:14.673039,,,13378,13378,26756,2.1405,,,,,,,,,,,,,,3.0,1337.0,43.0,47.6,18883.0,1,75
313,2026-06-04T11:36:14.990043,,,13404,13404,26808,2.1446,,,,,,,,,,,,,,3.0,1337.0,43.0,48.8,18870.0,1,75
314,2026-06-04T11:36:15.292238,,,13262,13262,26524,2.1219,,,,,,,,,,,,,,3.0,1337.0,43.0,49.7,18868.0,1,75
315,2026-06-04T11:36:15.606550,,,13399,13399,26798,2.1438,,,,,,,,,,,,,,3.0,1337.0,43.0,46.5,18868.0,1,75
316,2026-06-04T11:36:15.922785,,,13404,13404,26808,2.1446,,,,,,,,,,,,,,3.0,1337.0,43.0,47.9,18870.0,1,75
317,2026-06-04T11:36:16.239618,,,13177,13177,26354,2.1083,,,,,,,,,,,,,,3.0,1337.0,43.0,47.9,18869.0,1,75
318,2026-06-04T11:36:16.540143,,,13405,13405,26810,2.1448,,,,,,,,,,,,,,3.0,1337.0,43.0,45.9,18868.0,1,75
319,2026-06-04T11:36:16.856083,,,13418,13418,26836,2.1469,,,,,,,,,,,,,,3.0,1337.0,43.0,50.9,18876.0,1,75
320,2026-06-04T11:36:17.174869,,,13461,13461,26922,2.1538,,,,,,,,,,,,,,3.0,1337.0,43.0,48.0,18874.0,1,75
321,2026-06-04T11:36:17.489641,,,13353,13353,26706,2.1365,,,,,,,,,,,,,,3.0,1337.0,43.0,49.0,18868.0,1,75
322,2026-06-04T11:36:17.790053,,,13543,13543,27086,2.1669,,,,,,,,,,,,,,3.0,1337.0,43.0,47.6,18868.0,1,75
323,2026-06-04T11:36:18.106072,,,13454,13454,26908,2.1526,,,,,,,,,,,,,,3.0,1337.0,43.0,51.7,18868.0,1,75
324,2026-06-04T11:36:18.422771,,,13514,13514,27028,2.1622,,,,,,,,,,,,,,3.0,1337.0,43.0,48.6,18871.0,1,75
325,2026-06-04T11:36:18.739566,,,13565,13565,27130,2.1704,,,,,,,,,,,,,,3.0,1337.0,43.0,46.5,18870.0,1,75
326,2026-06-04T11:36:19.039742,,,13455,13455,26910,2.1528,,,,,,,,,,,,,,3.0,1337.0,43.0,51.0,18864.0,1,75
327,2026-06-04T11:36:19.356528,,,13456,13456,26912,2.153,,,,,,,,,,,,,,3.0,1337.0,43.0,46.9,18863.0,1,75
328,2026-06-04T11:36:19.672771,,,13557,13557,27114,2.1691,,,,,,,,,,,,,,3.0,1337.0,43.0,47.8,18867.0,1,75
329,2026-06-04T11:36:19.990041,,,13462,13462,26924,2.1539,,,,,,,,,,,,,,3.0,1337.0,43.0,50.0,18863.0,1,75
330,2026-06-04T11:36:20.306088,,,13516,13516,27032,2.1626,,,,,,,,,,,,,,3.0,1337.0,43.0,47.5,18866.0,1,75
331,2026-06-04T11:36:20.623111,,,13360,13360,26720,2.1376,,,,,,,,,,,,,,3.0,1337.0,43.0,47.4,18870.0,1,75
332,2026-06-04T11:36:20.940095,,,13423,13423,26846,2.1477,,,,,,,,,,,,,,3.0,1337.0,43.0,46.9,18875.0,1,75
333,2026-06-04T11:36:21.244484,,,13544,13544,27088,2.167,,,,,,,,,,,,,,3.0,1337.0,43.0,49.9,18864.0,1,75
334,2026-06-04T11:36:21.556699,,,13480,13480,26960,2.1568,,,,,,,,,,,,,,3.0,1337.0,43.0,45.6,18870.0,1,75
335,2026-06-04T11:36:21.873439,,,13417,13417,26834,2.1467,,,,,,,,,,,,,,3.0,1337.0,43.0,48.6,18875.0,1,75
336,2026-06-04T11:36:22.189940,,,13537,13537,27074,2.1659,,,,,,,,,,,,,,3.0,1337.0,43.0,50.5,18866.0,1,75
337,2026-06-04T11:36:22.506063,,,13443,13443,26886,2.1509,,,,,,,,,,,,,,3.0,1337.0,43.0,46.0,18868.0,1,75
338,2026-06-04T11:36:22.806491,,,13416,13416,26832,2.1466,,,,,,,,,,,,,,3.0,1337.0,43.0,48.8,18872.0,1,75
339,2026-06-04T11:36:23.122761,,,13546,13546,27092,2.1674,,,,,,,,,,,,,,3.0,1337.0,43.0,49.0,18874.0,1,75
340,2026-06-04T11:36:23.439644,,,13478,13478,26956,2.1565,,,,,,,,,,,,,,3.0,1337.0,43.0,47.5,18871.0,1,75
341,2026-06-04T11:36:23.750866,,,13133,13133,26266,2.1013,,,,,,,,,,,,,,3.0,1337.0,43.0,47.0,18874.0,1,75
342,2026-06-04T11:36:24.056104,,,13504,13504,27008,2.1606,,,,,,,,,,,,,,3.0,1337.0,43.0,50.5,18874.0,1,75
343,2026-06-04T11:36:24.373275,,,13479,13479,26958,2.1566,,,,,,,,,,,,,,3.0,1337.0,43.0,47.9,18867.0,1,75
344,2026-06-04T11:36:24.682399,,,13289,13289,26578,2.1262,,,,,,,,,,,,,,3.0,1337.0,43.0,46.8,18870.0,1,75
345,2026-06-04T11:36:25.006566,,,13520,13520,27040,2.1632,,,,,,,,,,,,,,3.0,1337.0,43.0,48.1,18874.0,1,75
346,2026-06-04T11:36:25.322779,,,13492,13492,26984,2.1587,,,,,,,,,,,,,,3.0,1337.0,43.0,47.9,18860.0,1,75
347,2026-06-04T11:36:25.639447,,,13251,13251,26502,2.1202,,,,,,,,,,,,,,3.0,1337.0,43.0,47.9,18872.0,1,75
348,2026-06-04T11:36:25.956572,,,13538,13538,27076,2.1661,,,,,,,,,,,,,,3.0,1337.0,43.0,47.0,18874.0,1,75
349,2026-06-04T11:36:26.259120,,,13520,13520,27040,2.1632,,,,,,,,,,,,,,3.0,1337.0,43.0,50.4,18873.0,1,75
350,2026-06-04T11:36:26.573882,,,13422,13422,26844,2.1475,,,,,,,,,,,,,,3.0,1337.0,43.0,49.2,18869.0,1,75
351,2026-06-04T11:36:26.889421,,,13371,13371,26742,2.1394,,,,,,,,,,,,,,3.0,1337.0,43.0,47.3,18875.0,1,75
352,2026-06-04T11:36:27.208128,,,13574,13574,27148,2.1718,,,,,,,,,,,,,,3.0,1337.0,43.0,49.0,18873.0,1,75
353,2026-06-04T11:36:27.516911,,,13431,13431,26862,2.149,,,,,,,,,,,,,,3.0,1337.0,43.0,46.9,18873.0,1,75
354,2026-06-04T11:36:27.822734,,,13512,13512,27024,2.1619,,,,,,,,,,,,,,3.0,1337.0,43.0,49.0,18873.0,1,75
355,2026-06-04T11:36:28.139423,,,13594,13594,27188,2.175,,,,,,,,,,,,,,3.0,1337.0,43.0,48.0,18875.0,1,75
356,2026-06-04T11:36:28.456130,,,13453,13453,26906,2.1525,,,,,,,,,,,,,,3.0,1337.0,43.0,48.9,18733.0,1,75
357,2026-06-04T11:36:28.773224,,,13494,13494,26988,2.159,,,,,,,,,,,,,,3.0,1337.0,43.0,50.7,18733.0,1,75
358,2026-06-04T11:36:29.082058,,,13594,13594,27188,2.175,,,,,,,,,,,,,,3.0,1337.0,43.0,49.6,18736.0,1,75
359,2026-06-04T11:36:29.390056,,,13474,13474,26948,2.1558,,,,,,,,,,,,,,3.0,1337.0,43.0,50.0,18722.0,1,75
360,2026-06-04T11:36:29.706051,,,13580,13580,27160,2.1728,,,,,,,,,,,,,,3.0,1337.0,43.0,47.0,18723.0,1,75
361,2026-06-04T11:36:30.022739,,,13388,13388,26776,2.1421,,,,,,,,,,,,,,3.0,1337.0,43.0,48.1,18725.0,1,75
362,2026-06-04T11:36:30.338876,,,13497,13497,26994,2.1595,,,,,,,,,,,,,,3.0,1337.0,43.0,47.6,18725.0,1,75
363,2026-06-04T11:36:30.656045,,,13582,13582,27164,2.1731,,,,,,,,,,,,,,3.0,1337.0,43.0,48.2,18721.0,1,75
364,2026-06-04T11:36:30.973399,,,13509,13509,27018,2.1614,,,,,,,,,,,,,,3.0,1337.0,43.0,47.0,18726.0,1,75
365,2026-06-04T11:36:31.277239,,,13495,13495,26990,2.1592,,,,,,,,,,,,,,3.0,1337.0,43.0,49.7,18725.0,1,75
366,2026-06-04T11:36:31.589901,,,13586,13586,27172,2.1738,,,,,,,,,,,,,,3.0,1337.0,43.0,47.9,18719.0,1,75
367,2026-06-04T11:36:31.906083,,,13473,13473,26946,2.1557,,,,,,,,,,,,,,3.0,1337.0,43.0,46.9,18722.0,1,75
368,2026-06-04T11:36:32.222783,,,13516,13516,27032,2.1626,,,,,,,,,,,,,,3.0,1337.0,43.0,49.0,18722.0,1,75
369,2026-06-04T11:36:32.539649,,,13596,13596,27192,2.1754,,,,,,,,,,,,,,3.0,1337.0,43.0,45.8,18720.0,1,75
370,2026-06-04T11:36:32.856080,,,13467,13467,26934,2.1547,,,,,,,,,,,,,,3.0,1337.0,43.0,50.2,18723.0,1,75
371,2026-06-04T11:36:33.173265,,,13191,13191,26382,2.1106,,,,,,,,,,,,,,3.0,1337.0,43.0,48.1,18722.0,1,75
372,2026-06-04T11:36:33.481762,,,13513,13513,27026,2.1621,,,,,,,,,,,,,,3.0,1337.0,43.0,48.1,18720.0,1,75
373,2026-06-04T11:36:33.806470,,,13469,13469,26938,2.155,,,,,,,,,,,,,,3.0,1337.0,43.0,47.7,18720.0,1,75
374,2026-06-04T11:36:34.122749,,,13378,13378,26756,2.1405,,,,,,,,,,,,,,3.0,1337.0,43.0,48.8,18722.0,1,75
375,2026-06-04T11:36:34.439644,,,13540,13540,27080,2.1664,,,,,,,,,,,,,,3.0,1337.0,43.0,47.0,18721.0,1,75
376,2026-06-04T11:36:34.756650,,,13482,13482,26964,2.1571,,,,,,,,,,,,,,3.0,1337.0,43.0,46.8,18721.0,1,75
377,2026-06-04T11:36:35.059210,,,13305,13305,26610,2.1288,,,,,,,,,,,,,,3.0,1337.0,43.0,50.9,18722.0,1,75
378,2026-06-04T11:36:35.373285,,,13546,13546,27092,2.1674,,,,,,,,,,,,,,3.0,1337.0,43.0,47.5,18721.0,1,75
379,2026-06-04T11:36:35.689967,,,13470,13470,26940,2.1552,,,,,,,,,,,,,,3.0,1337.0,43.0,50.4,18715.0,1,75
380,2026-06-04T11:36:36.007030,,,13538,13538,27076,2.1661,,,,,,,,,,,,,,3.0,1337.0,43.0,54.0,18721.0,1,75
381,2026-06-04T11:36:36.322738,,,13447,13447,26894,2.1515,,,,,,,,,,,,,,3.0,1337.0,43.0,50.9,18717.0,1,75
